{
    "0": {
        "0_0": {
            "parameters": {
                "x1": 0.48029054421931505,
                "x2": 0.11725888028740883
            },
            "metrics": {
                "loc": {
                    "mean": 0.8286462432999298,
                    "sem": 0.018906283962114877
                },
                "scale": {
                    "mean": 0.09831154999751174,
                    "sem": 0.014227525746867946
                },
                "QoIMetric": {
                    "mean": NaN,
                    "sem": NaN
                }
            }
        }
    },
    "1": {
        "1_0": {
            "parameters": {
                "x1": 0.9497883301228285,
                "x2": 0.7430202187970281
            },
            "metrics": {
                "loc": {
                    "mean": 1.1641328792644379,
                    "sem": 0.015826469172769114
                },
                "scale": {
                    "mean": 0.0825651977842322,
                    "sem": 0.01208517719277372
                },
                "QoIMetric": {
                    "mean": NaN,
                    "sem": NaN
                }
            }
        }
    },
    "2": {
        "2_0": {
            "parameters": {
                "x1": 0.6404228983446956,
                "x2": 0.32724197022616863
            },
            "metrics": {
                "loc": {
                    "mean": 0.7016043058641047,
                    "sem": 0.014804040036237753
                },
                "scale": {
                    "mean": 0.07681722478281722,
                    "sem": 0.010864955168113317
                },
                "QoIMetric": {
                    "mean": NaN,
                    "sem": NaN
                }
            }
        }
    },
    "3": {
        "3_0": {
            "parameters": {
                "x1": 0.16460803151130676,
                "x2": 0.9529436891898513
            },
            "metrics": {
                "loc": {
                    "mean": 0.9379065931197546,
                    "sem": 0.01569735470745433
                },
                "scale": {
                    "mean": 0.08247302009380719,
                    "sem": 0.012586468341143008
                },
                "QoIMetric": {
                    "mean": NaN,
                    "sem": NaN
                }
            }
        }
    },
    "4": {
        "4_0": {
            "parameters": {
                "x1": 0.03790874406695366,
                "x2": 0.39009758830070496
            },
            "metrics": {
                "loc": {
                    "mean": 0.24942471957126405,
                    "sem": 0.01581527394044852
                },
                "scale": {
                    "mean": 0.08314323248076122,
                    "sem": 0.01264495773416243
                },
                "QoIMetric": {
                    "mean": 1.7140089563307854,
                    "sem": 0.22127363466297595
                }
            }
        }
    },
    "5": {
        "5_0": {
            "parameters": {
                "x1": 0.778153277002275,
                "x2": 0.8397323070093989
            },
            "metrics": {
                "loc": {
                    "mean": 1.7442575650789012,
                    "sem": 0.02355659566071887
                },
                "scale": {
                    "mean": 0.1224861482469094,
                    "sem": 0.01792590506210224
                },
                "QoIMetric": {
                    "mean": 2.322742463054792,
                    "sem": 0.24238837399546984
                }
            }
        }
    },
    "6": {
        "6_0": {
            "parameters": {
                "x1": 0.6429044855758548,
                "x2": 0.8245550290681423
            },
            "metrics": {
                "loc": {
                    "mean": 1.2972500742173994,
                    "sem": 0.02017167086085744
                },
                "scale": {
                    "mean": 0.10488362967744988,
                    "sem": 0.015246677561188374
                },
                "QoIMetric": {
                    "mean": 2.2392268778373006,
                    "sem": 0.1693177613857837
                }
            }
        }
    },
    "7": {
        "7_0": {
            "parameters": {
                "x1": 0.6793320575729013,
                "x2": 0.9358707303181291
            },
            "metrics": {
                "loc": {
                    "mean": 1.0988305673236225,
                    "sem": 0.01883297451795435
                },
                "scale": {
                    "mean": 0.09789275109140609,
                    "sem": 0.014117930075177953
                },
                "QoIMetric": {
                    "mean": 2.2107482183645417,
                    "sem": 0.1717153372927493
                }
            }
        }
    },
    "8": {
        "8_0": {
            "parameters": {
                "x1": 0.7467523664236069,
                "x2": 0.6279482336249202
            },
            "metrics": {
                "loc": {
                    "mean": 1.1294755247311261,
                    "sem": 0.013345411523548309
                },
                "scale": {
                    "mean": 0.06974823114135768,
                    "sem": 0.01053851915092778
                },
                "QoIMetric": {
                    "mean": 2.1688640302751403,
                    "sem": 0.12820059072342047
                }
            }
        }
    },
    "9": {
        "9_0": {
            "parameters": {
                "x1": 0.8658327693119645,
                "x2": 0.9330642893910408
            },
            "metrics": {
                "loc": {
                    "mean": 1.262624229031771,
                    "sem": 0.017914421341762313
                },
                "scale": {
                    "mean": 0.09374467736264903,
                    "sem": 0.014198065541518217
                },
                "QoIMetric": {
                    "mean": 2.1472030003237084,
                    "sem": 0.10054758954602304
                }
            }
        }
    }
}