{"statistics": {"median": 20.32590675354004, "mean": 20.44838523864746}, "samples": [19.16445541381836, 19.19916534423828, 19.79530906677246, 22.433320999145508, 20.593313217163086, 21.7647705078125, 20.890247344970703, 20.39512062072754, 20.76900863647461, 20.546966552734375, 19.000892639160156, 19.787708282470703, 18.488414764404297, 19.735088348388672, 20.32590675354004, 19.755535125732422, 22.95108413696289, 20.101219177246094, 21.856761932373047, 21.413408279418945], "env_data": [[13.987268447875977, 14.97747802734375], [13.35348129272461, 14.335700035095215], [12.915820121765137, 14.206729888916016], [15.179215431213379, 15.487309455871582], [16.367265701293945, 18.403608322143555], [12.507436752319336, 15.581281661987305], [15.727701187133789, 14.808295249938965], [15.938297271728516, 15.375676155090332], [16.957237243652344, 19.109973907470703], [15.179215431213379, 15.487309455871582], [16.367265701293945, 18.403608322143555], [15.155344009399414, 15.541397094726562], [13.02917766571045, 15.221170425415039], [13.55665397644043, 13.156309127807617], [16.02065658569336, 19.216094970703125], [16.957237243652344, 19.109973907470703], [16.468887329101562, 16.315439224243164], [16.468887329101562, 16.315439224243164], [16.449737548828125, 16.746320724487305], [16.367265701293945, 18.403608322143555], [15.673702239990234, 14.833059310913086], [13.550472259521484, 16.053234100341797], [15.54084300994873, 17.10922622680664], [16.449737548828125, 16.746320724487305], [14.059926986694336, 13.535202026367188], [13.03953742980957, 14.256963729858398], [15.938297271728516, 15.375676155090332], [16.957237243652344, 19.109973907470703], [15.170258522033691, 16.634626388549805], [13.32262134552002, 14.07016372680664], [15.54084300994873, 17.10922622680664], [14.06953239440918, 13.764405250549316], [14.548694610595703, 15.851007461547852], [16.241195678710938, 16.502445220947266], [15.938297271728516, 15.375676155090332], [14.464155197143555, 15.997217178344727], [15.54084300994873, 17.10922622680664], [15.54084300994873, 17.10922622680664], [13.58694839477539, 15.74135684967041], [13.832846641540527, 13.949779510498047], [13.006953239440918, 15.069231986999512], [14.289813995361328, 16.206195831298828], [14.902793884277344, 14.601395606994629], [12.27004337310791, 15.227476119995117], [13.012086868286133, 14.552433013916016], [15.54084300994873, 17.10922622680664], [15.938297271728516, 15.375676155090332], [15.938297271728516, 15.375676155090332], [16.449737548828125, 16.746320724487305], [14.593838691711426, 15.716726303100586], [16.449737548828125, 16.746320724487305], [16.468887329101562, 16.315439224243164], [16.468887329101562, 16.315439224243164], [16.449737548828125, 16.746320724487305], [16.468887329101562, 16.315439224243164], [16.468887329101562, 16.315439224243164], [13.550472259521484, 16.053234100341797], [16.449737548828125, 16.746320724487305], [11.241004943847656, 15.413572311401367], [14.548694610595703, 15.851007461547852], [14.47713851928711, 14.697223663330078], [14.234984397888184, 16.680103302001953], [15.673702239990234, 14.833059310913086], [15.170258522033691, 16.634626388549805], [16.02065658569336, 19.216094970703125], [15.311064720153809, 14.780784606933594]]}