{"statistics": {"median": 15.199101448059082, "mean": 15.374168395996094}, "samples": [14.410599708557129, 15.214592933654785, 16.23232078552246, 15.1786470413208, 14.621954917907715, 15.786942481994629, 15.657630920410156, 14.242846488952637, 14.069655418395996, 14.121814727783203, 16.6533145904541, 15.351839065551758, 14.816740036010742, 16.2011661529541, 15.199101448059082, 16.6638126373291, 16.123125076293945, 13.4981050491333, 14.96902847290039, 18.470149993896484], "env_data": [[9.493813514709473, 12.927903175354004], [11.388593673706055, 14.772834777832031], [14.348133087158203, 15.014474868774414], [11.85649299621582, 14.713166236877441], [13.979479789733887, 15.781975746154785], [9.43554973602295, 12.619054794311523], [13.526206970214844, 15.911613464355469], [11.662066459655762, 15.250809669494629], [14.464155197143555, 15.114527702331543], [12.92764663696289, 14.69690227508545], [12.607377052307129, 14.997661590576172], [11.086536407470703, 12.919440269470215], [12.764833450317383, 14.458344459533691], [15.727701187133789, 15.714706420898438], [10.1393404006958, 15.324861526489258], [9.201149940490723, 11.629217147827148], [10.897809028625488, 14.1744966506958], [13.267528533935547, 15.25680160522461], [13.964118003845215, 15.830829620361328], [10.323479652404785, 14.031380653381348], [10.433149337768555, 15.379465103149414], [9.363462448120117, 13.375174522399902], [11.438713073730469, 14.86681842803955], [11.110488891601562, 13.679866790771484], [10.465574264526367, 13.093745231628418], [8.944178581237793, 12.407964706420898], [9.405624389648438, 11.442974090576172], [10.577908515930176, 12.509662628173828], [13.13608169555664, 14.877215385437012], [8.209522247314453, 11.834053993225098], [12.325939178466797, 14.243630409240723], [13.678680419921875, 13.342586517333984], [9.004067420959473, 13.013496398925781], [13.593159675598145, 15.390241622924805], [12.058914184570312, 12.78320026397705], [14.41360092163086, 18.146045684814453], [15.179215431213379, 15.345962524414062], [13.03953742980957, 13.7817964553833], [9.576391220092773, 12.414588928222656], [10.78621768951416, 12.144947052001953], [14.42801284790039, 15.965460777282715], [11.312692642211914, 15.035771369934082], [10.793041229248047, 12.000554084777832], [10.049043655395508, 12.877229690551758], [16.241195678710938, 15.801016807556152], [13.13608169555664, 14.877215385437012], [14.298537254333496, 17.215747833251953], [11.292323112487793, 13.526297569274902], [10.150981903076172, 14.313431739807129], [10.540884017944336, 13.4509916305542], [10.45821762084961, 13.465231895446777], [11.559611320495605, 14.315030097961426], [14.116128921508789, 14.764143943786621]]}