{"statistics": {"median": 14.777840614318848, "mean": 15.3384428024292}, "samples": [14.501753807067871, 14.751980781555176, 15.316632270812988, 19.463565826416016, 16.315690994262695, 14.581636428833008, 14.324196815490723, 13.912426948547363, 14.770866394042969, 14.994268417358398, 17.069944381713867, 15.06709098815918, 16.51167869567871, 17.16582489013672, 14.777840614318848, 14.011045455932617, 15.663580894470215, 14.880221366882324, 14.628374099731445, 14.060233116149902], "env_data": [[10.44268798828125, 15.1298246383667], [10.260601043701172, 12.367569923400879], [10.741660118103027, 12.141402244567871], [10.402463912963867, 13.5278959274292], [9.076343536376953, 12.194045066833496], [10.53941822052002, 12.095735549926758], [14.464155197143555, 15.114527702331543], [9.224205017089844, 13.029988288879395], [10.818094253540039, 12.50341796875], [16.957237243652344, 15.307574272155762], [11.29845142364502, 13.910480499267578], [9.440430641174316, 13.269296646118164], [15.54084300994873, 14.938129425048828], [11.43347454071045, 13.84897232055664], [9.535271644592285, 13.325965881347656], [14.240342140197754, 16.109304428100586], [9.945127487182617, 12.405243873596191], [13.110658645629883, 16.924983978271484], [11.85649299621582, 14.713166236877441], [11.163346290588379, 12.544794082641602], [11.980278015136719, 16.886127471923828], [11.513838768005371, 14.698233604431152], [15.54084300994873, 14.938129425048828], [8.390460014343262, 13.868855476379395], [11.952662467956543, 12.977038383483887], [11.822660446166992, 13.137726783752441], [16.241195678710938, 15.801016807556152], [10.497610092163086, 13.654457092285156], [11.471822738647461, 13.951197624206543], [10.871307373046875, 14.169198989868164], [11.8371000289917, 12.815375328063965], [12.178750991821289, 13.316365242004395], [11.513838768005371, 14.698233604431152], [13.166789054870605, 15.874735832214355], [12.09487533569336, 13.585969924926758], [16.957237243652344, 15.307574272155762], [14.234984397888184, 15.078312873840332], [12.556777954101562, 12.097412109375], [12.547021865844727, 13.140243530273438], [10.346308708190918, 12.766203880310059], [11.761900901794434, 13.620054244995117], [11.732751846313477, 16.190568923950195], [12.10544204711914, 15.956282615661621], [10.8915433883667, 15.878179550170898], [14.593838691711426, 16.69751739501953], [8.53347110748291, 11.87243938446045], [9.898924827575684, 14.884461402893066], [10.710448265075684, 12.959288597106934], [13.235660552978516, 16.70576286315918], [11.913298606872559, 14.095809936523438], [9.186946868896484, 14.052559852600098], [9.442779541015625, 12.306217193603516], [11.150683403015137, 13.961746215820312], [12.170391082763672, 14.077656745910645], [11.690910339355469, 14.890080451965332], [9.629226684570312, 11.14046859741211]]}