{"statistics": {"median": 14.743766784667969, "mean": 15.460805892944336}, "samples": [14.174242973327637, 16.447608947753906, 14.56153678894043, 16.23952293395996, 14.552458763122559, 14.083724975585938, 18.74475860595703, 16.214975357055664, 13.656438827514648, 13.3317289352417, 18.753162384033203, 13.768004417419434, 16.095510482788086, 14.377678871154785, 18.67563247680664, 16.36410140991211, 15.388631820678711, 14.743766784667969, 15.107118606567383, 13.935537338256836], "env_data": [[7.524747371673584, 12.01749324798584], [10.444382667541504, 13.974023818969727], [8.864097595214844, 13.064178466796875], [10.38403606414795, 13.290557861328125], [13.677010536193848, 15.234634399414062], [15.727701187133789, 15.714706420898438], [12.113962173461914, 15.964900016784668], [15.673702239990234, 16.956825256347656], [10.34145736694336, 14.182284355163574], [11.123229026794434, 12.31540298461914], [16.468887329101562, 15.836983680725098], [11.381098747253418, 15.406750679016113], [10.255389213562012, 11.954113960266113], [15.938297271728516, 15.415619850158691], [11.512666702270508, 13.055696487426758], [11.333174705505371, 15.610589981079102], [11.95329475402832, 14.570378303527832], [16.241195678710938, 15.801016807556152], [14.098766326904297, 16.48494529724121], [13.005899429321289, 14.453239440917969], [8.45167350769043, 11.960901260375977], [8.596713066101074, 11.052624702453613], [9.16800308227539, 13.926605224609375], [12.695367813110352, 14.267574310302734], [10.155046463012695, 14.386991500854492], [11.665338516235352, 14.832197189331055], [14.548694610595703, 16.14084243774414], [16.957237243652344, 15.307574272155762], [11.519745826721191, 13.475690841674805], [11.283549308776855, 12.766940116882324], [13.990002632141113, 14.846600532531738], [14.56993293762207, 13.899934768676758], [13.674877166748047, 14.579577445983887], [11.43347454071045, 13.84897232055664], [12.5721435546875, 15.313379287719727], [16.468887329101562, 15.836983680725098], [9.40660285949707, 11.519682884216309], [11.685234069824219, 12.485203742980957], [9.393760681152344, 13.428284645080566], [14.42801284790039, 15.965460777282715], [11.512666702270508, 13.055696487426758], [12.607377052307129, 14.997661590576172], [12.045074462890625, 13.863377571105957], [12.348278999328613, 13.197081565856934], [12.200359344482422, 15.688000679016113], [10.43332290649414, 14.81005859375], [10.450348854064941, 12.67535400390625], [9.168428421020508, 11.60203742980957], [10.294157028198242, 13.264954566955566], [13.979479789733887, 15.781975746154785], [11.267416000366211, 12.095483779907227]]}